sample	trim_config	tool	threads	tool_version	host_hostname	host_arch	host_cpu_model	replicates	wall_s_median	wall_s_min	wall_s_max	wall_s_iqr	user_s_median	sys_s_median	reads_per_s	bases_per_s	max_rss_kb	cpu_percent	reads_in	bases_in
pe_cfdna_170bp_2x150	adapter_only	adapterremoval	8	adapterremoval3 v3.0.2	ip-172-31-54-20	x86_64	AMD EPYC 9R45	1	0.87	0.87	0.87	0.0	4.73	0.4	2464963.2183908047	369744482.7586207	51556	585.0	2144518	321677700
pe_cfdna_170bp_2x150	adapter_only	bbduk	8	BBTools version 40.02	ip-172-31-54-20	x86_64	AMD EPYC 9R45	1	8.38	8.38	8.38	0.0	63.3	1.85	255909.06921241048	38386360.381861575	2557448	777.0	2144518	321677700
pe_cfdna_170bp_2x150	adapter_only	chelae	8	chelae 0.2.0	ip-172-31-54-20	x86_64	AMD EPYC 9R45	1	0.64	0.64	0.64	0.0	4.42	0.13	3350809.375	502621406.25	132340	709.0	2144518	321677700
pe_cfdna_170bp_2x150	adapter_only	cutadapt	8	5.2	ip-172-31-54-20	x86_64	AMD EPYC 9R45	1	1.91	1.91	1.91	0.0	7.88	1.49	1122784.2931937173	168417643.9790576	49076	490.0	2144518	321677700
pe_cfdna_170bp_2x150	adapter_only	fastp	8	fastp 1.3.7	ip-172-31-54-20	x86_64	AMD EPYC 9R45	1	3.1	3.1	3.1	0.0	20.24	0.89	691780.0	103767000.0	1230628	680.0	2144518	321677700
pe_cfdna_170bp_2x150	adapter_only	trim-galore-rs	8	trim_galore 2.3.0	ip-172-31-54-20	x86_64	AMD EPYC 9R45	1	2.18	2.18	2.18	0.0	15.96	0.21	983723.8532110092	147558577.98165137	126300	741.0	2144518	321677700
pe_cfdna_170bp_2x150	adapter_only	trimmomatic	8	0.41	ip-172-31-54-20	x86_64	AMD EPYC 9R45	1	13.93	13.93	13.93	0.0	100.06	0.96	153949.60516870063	23092440.775305096	3824496	725.0	2144518	321677700
pe_cfdna_170bp_2x150	wgs	adapterremoval	8	adapterremoval3 v3.0.2	ip-172-31-54-20	x86_64	AMD EPYC 9R45	1	0.9	0.9	0.9	0.0	5.21	0.36	2382797.777777777	357419666.6666667	52120	616.0	2144518	321677700
pe_cfdna_170bp_2x150	wgs	bbduk	8	BBTools version 40.02	ip-172-31-54-20	x86_64	AMD EPYC 9R45	1	8.69	8.69	8.69	0.0	65.3	1.9	246779.9769850403	37016996.547756046	2065576	772.0	2144518	321677700
pe_cfdna_170bp_2x150	wgs	chelae	8	chelae 0.2.0	ip-172-31-54-20	x86_64	AMD EPYC 9R45	1	0.63	0.63	0.63	0.0	4.22	0.21	3403996.8253968256	510599523.8095238	120076	697.0	2144518	321677700
pe_cfdna_170bp_2x150	wgs	cutadapt	8	5.2	ip-172-31-54-20	x86_64	AMD EPYC 9R45	1	2.05	2.05	2.05	0.0	9.32	1.48	1046106.3414634148	156915951.2195122	50316	526.0	2144518	321677700
pe_cfdna_170bp_2x150	wgs	fastp	8	fastp 1.3.7	ip-172-31-54-20	x86_64	AMD EPYC 9R45	1	3.19	3.19	3.19	0.0	21.32	0.79	672262.6959247648	100839404.38871472	1225248	691.0	2144518	321677700
pe_cfdna_170bp_2x150	wgs	trim-galore-rs	8	trim_galore 2.3.0	ip-172-31-54-20	x86_64	AMD EPYC 9R45	1	2.14	2.14	2.14	0.0	15.69	0.17	1002111.214953271	150316682.24299064	135924	741.0	2144518	321677700
pe_cfdna_170bp_2x150	wgs	trimmomatic	8	0.41	ip-172-31-54-20	x86_64	AMD EPYC 9R45	1	15.94	15.94	15.94	0.0	101.58	0.9	134536.88833124217	20180533.249686323	3635224	642.0	2144518	321677700
pe_exome_140bp_2x76_nextera	adapter_only	adapterremoval	8	adapterremoval3 v3.0.2	ip-172-31-54-20	x86_64	AMD EPYC 9R45	1	0.95	0.95	0.95	0.0	5.69	0.45	4456385.263157895	338685280.0	41160	644.0	4233566	321751016
pe_exome_140bp_2x76_nextera	adapter_only	bbduk	8	BBTools version 40.02	ip-172-31-54-20	x86_64	AMD EPYC 9R45	1	6.06	6.06	6.06	0.0	43.87	1.69	698608.2508250825	53094227.06270628	2464828	751.0	4233566	321751016
pe_exome_140bp_2x76_nextera	adapter_only	chelae	8	chelae 0.2.0	ip-172-31-54-20	x86_64	AMD EPYC 9R45	1	0.82	0.82	0.82	0.0	5.69	0.17	5162885.365853659	392379287.80487806	107832	709.0	4233566	321751016
pe_exome_140bp_2x76_nextera	adapter_only	cutadapt	8	5.2	ip-172-31-54-20	x86_64	AMD EPYC 9R45	1	2.17	2.17	2.17	0.0	8.12	1.62	1950952.073732719	148272357.60368663	50252	448.0	4233566	321751016
pe_exome_140bp_2x76_nextera	adapter_only	fastp	8	fastp 1.3.7	ip-172-31-54-20	x86_64	AMD EPYC 9R45	1	3.36	3.36	3.36	0.0	22.08	1.14	1259989.880952381	95759230.95238096	1203216	689.0	4233566	321751016
pe_exome_140bp_2x76_nextera	adapter_only	trim-galore-rs	8	trim_galore 2.3.0	ip-172-31-54-20	x86_64	AMD EPYC 9R45	1	2.2	2.2	2.2	0.0	16.01	0.2	1924348.1818181816	146250461.8181818	90472	733.0	4233566	321751016
pe_exome_140bp_2x76_nextera	adapter_only	trimmomatic	8	0.41	ip-172-31-54-20	x86_64	AMD EPYC 9R45	1	17.91	17.91	17.91	0.0	104.38	0.67	236380.01116694583	17964880.848687883	2307236	586.0	4233566	321751016
pe_exome_140bp_2x76_nextera	wgs	adapterremoval	8	adapterremoval3 v3.0.2	ip-172-31-54-20	x86_64	AMD EPYC 9R45	1	0.98	0.98	0.98	0.0	6.28	0.39	4319965.306122449	328317363.2653061	39100	676.0	4233566	321751016
pe_exome_140bp_2x76_nextera	wgs	bbduk	8	BBTools version 40.02	ip-172-31-54-20	x86_64	AMD EPYC 9R45	1	6.26	6.26	6.26	0.0	44.8	2.12	676288.4984025559	51397925.87859425	2547504	748.0	4233566	321751016
pe_exome_140bp_2x76_nextera	wgs	chelae	8	chelae 0.2.0	ip-172-31-54-20	x86_64	AMD EPYC 9R45	1	0.82	0.82	0.82	0.0	5.7	0.21	5162885.365853659	392379287.80487806	93532	715.0	4233566	321751016
pe_exome_140bp_2x76_nextera	wgs	cutadapt	8	5.2	ip-172-31-54-20	x86_64	AMD EPYC 9R45	1	2.5	2.5	2.5	0.0	11.65	1.88	1693426.4	128700406.4	54596	540.0	4233566	321751016
pe_exome_140bp_2x76_nextera	wgs	fastp	8	fastp 1.3.7	ip-172-31-54-20	x86_64	AMD EPYC 9R45	1	3.48	3.48	3.48	0.0	22.66	1.2	1216541.9540229884	92457188.50574712	1202828	685.0	4233566	321751016
pe_exome_140bp_2x76_nextera	wgs	trim-galore-rs	8	trim_galore 2.3.0	ip-172-31-54-20	x86_64	AMD EPYC 9R45	1	2.27	2.27	2.27	0.0	16.67	0.16	1865007.0484581497	141740535.6828194	93752	738.0	4233566	321751016
pe_exome_140bp_2x76_nextera	wgs	trimmomatic	8	0.41	ip-172-31-54-20	x86_64	AMD EPYC 9R45	1	19.51	19.51	19.51	0.0	106.21	1.11	216994.66940030752	16491594.874423372	4535932	550.0	4233566	321751016
pe_wgs_150bp_2x150	adapter_only	adapterremoval	8	adapterremoval3 v3.0.2	ip-172-31-54-20	x86_64	AMD EPYC 9R45	1	0.85	0.85	0.85	0.0	4.47	0.41	2522962.3529411764	378444352.9411765	50804	574.0	2144518	321677700
pe_wgs_150bp_2x150	adapter_only	bbduk	8	BBTools version 40.02	ip-172-31-54-20	x86_64	AMD EPYC 9R45	1	8.4	8.4	8.4	0.0	62.72	1.98	255299.7619047619	38294964.28571428	2043956	770.0	2144518	321677700
pe_wgs_150bp_2x150	adapter_only	chelae	8	chelae 0.2.0	ip-172-31-54-20	x86_64	AMD EPYC 9R45	1	0.61	0.61	0.61	0.0	4.1	0.24	3515603.278688525	527340491.8032787	116120	705.0	2144518	321677700
pe_wgs_150bp_2x150	adapter_only	cutadapt	8	5.2	ip-172-31-54-20	x86_64	AMD EPYC 9R45	1	2.08	2.08	2.08	0.0	9.8	1.51	1031018.2692307692	154652740.3846154	57392	543.0	2144518	321677700
pe_wgs_150bp_2x150	adapter_only	fastp	8	fastp 1.3.7	ip-172-31-54-20	x86_64	AMD EPYC 9R45	1	2.82	2.82	2.82	0.0	17.96	0.87	760467.3758865249	114070106.38297872	1237812	666.0	2144518	321677700
pe_wgs_150bp_2x150	adapter_only	trim-galore-rs	8	trim_galore 2.3.0	ip-172-31-54-20	x86_64	AMD EPYC 9R45	1	2.78	2.78	2.78	0.0	20.26	0.16	771409.3525179856	115711402.87769786	143380	734.0	2144518	321677700
pe_wgs_150bp_2x150	adapter_only	trimmomatic	8	0.41	ip-172-31-54-20	x86_64	AMD EPYC 9R45	1	17.45	17.45	17.45	0.0	101.1	0.88	122895.01432664756	18434252.14899713	3590484	584.0	2144518	321677700
pe_wgs_150bp_2x150	wgs	adapterremoval	8	adapterremoval3 v3.0.2	ip-172-31-54-20	x86_64	AMD EPYC 9R45	1	0.84	0.84	0.84	0.0	5.04	0.28	2552997.619047619	382949642.85714287	48396	634.0	2144518	321677700
pe_wgs_150bp_2x150	wgs	bbduk	8	BBTools version 40.02	ip-172-31-54-20	x86_64	AMD EPYC 9R45	1	8.32	8.32	8.32	0.0	62.36	1.95	257754.5673076923	38663185.09615385	2155928	772.0	2144518	321677700
pe_wgs_150bp_2x150	wgs	chelae	8	chelae 0.2.0	ip-172-31-54-20	x86_64	AMD EPYC 9R45	1	0.64	0.64	0.64	0.0	4.28	0.18	3350809.375	502621406.25	117956	695.0	2144518	321677700
pe_wgs_150bp_2x150	wgs	cutadapt	8	5.2	ip-172-31-54-20	x86_64	AMD EPYC 9R45	1	2.11	2.11	2.11	0.0	10.58	1.43	1016359.2417061612	152453886.25592417	57368	567.0	2144518	321677700
pe_wgs_150bp_2x150	wgs	fastp	8	fastp 1.3.7	ip-172-31-54-20	x86_64	AMD EPYC 9R45	1	2.91	2.91	2.91	0.0	18.86	0.91	736947.766323024	110542164.9484536	1226880	679.0	2144518	321677700
pe_wgs_150bp_2x150	wgs	trim-galore-rs	8	trim_galore 2.3.0	ip-172-31-54-20	x86_64	AMD EPYC 9R45	1	2.51	2.51	2.51	0.0	18.33	0.16	854389.641434263	128158446.21513943	136068	736.0	2144518	321677700
pe_wgs_150bp_2x150	wgs	trimmomatic	8	0.41	ip-172-31-54-20	x86_64	AMD EPYC 9R45	1	15.9	15.9	15.9	0.0	100.43	0.98	134875.34591194967	20231301.88679245	4079776	637.0	2144518	321677700
pe_wgs_250bp_2x150	adapter_only	adapterremoval	8	adapterremoval3 v3.0.2	ip-172-31-54-20	x86_64	AMD EPYC 9R45	1	0.97	0.97	0.97	0.0	5.36	0.41	2210843.2989690723	331626494.8453608	51008	589.0	2144518	321677700
pe_wgs_250bp_2x150	adapter_only	bbduk	8	BBTools version 40.02	ip-172-31-54-20	x86_64	AMD EPYC 9R45	1	8.57	8.57	8.57	0.0	64.97	1.55	250235.47257876312	37535320.88681447	2389380	775.0	2144518	321677700
pe_wgs_250bp_2x150	adapter_only	chelae	8	chelae 0.2.0	ip-172-31-54-20	x86_64	AMD EPYC 9R45	1	0.64	0.64	0.64	0.0	4.46	0.12	3350809.375	502621406.25	126128	715.0	2144518	321677700
pe_wgs_250bp_2x150	adapter_only	cutadapt	8	5.2	ip-172-31-54-20	x86_64	AMD EPYC 9R45	1	1.83	1.83	1.83	0.0	6.12	1.35	1171867.7595628414	175780163.93442622	51448	408.0	2144518	321677700
pe_wgs_250bp_2x150	adapter_only	fastp	8	fastp 1.3.7	ip-172-31-54-20	x86_64	AMD EPYC 9R45	1	3.73	3.73	3.73	0.0	25.47	0.81	574937.8016085791	86240670.24128686	1224064	704.0	2144518	321677700
pe_wgs_250bp_2x150	adapter_only	trim-galore-rs	8	trim_galore 2.3.0	ip-172-31-54-20	x86_64	AMD EPYC 9R45	1	1.79	1.79	1.79	0.0	12.85	0.21	1198054.748603352	179708212.2905028	123992	730.0	2144518	321677700
pe_wgs_250bp_2x150	adapter_only	trimmomatic	8	0.41	ip-172-31-54-20	x86_64	AMD EPYC 9R45	1	16.46	16.46	16.46	0.0	101.12	0.72	130286.63426488456	19542995.139732685	3038232	618.0	2144518	321677700
pe_wgs_250bp_2x150	wgs	adapterremoval	8	adapterremoval3 v3.0.2	ip-172-31-54-20	x86_64	AMD EPYC 9R45	1	0.97	0.97	0.97	0.0	5.65	0.28	2210843.2989690723	331626494.8453608	52596	606.0	2144518	321677700
pe_wgs_250bp_2x150	wgs	bbduk	8	BBTools version 40.02	ip-172-31-54-20	x86_64	AMD EPYC 9R45	1	8.73	8.73	8.73	0.0	65.6	2.11	245649.255441008	36847388.3161512	2519216	775.0	2144518	321677700
pe_wgs_250bp_2x150	wgs	chelae	8	chelae 0.2.0	ip-172-31-54-20	x86_64	AMD EPYC 9R45	1	0.67	0.67	0.67	0.0	4.53	0.11	3200773.134328358	480115970.1492537	130368	694.0	2144518	321677700
pe_wgs_250bp_2x150	wgs	cutadapt	8	5.2	ip-172-31-54-20	x86_64	AMD EPYC 9R45	1	1.87	1.87	1.87	0.0	7.71	1.3	1146801.0695187163	172020160.42780748	50880	481.0	2144518	321677700
pe_wgs_250bp_2x150	wgs	fastp	8	fastp 1.3.7	ip-172-31-54-20	x86_64	AMD EPYC 9R45	1	3.75	3.75	3.75	0.0	25.82	0.73	571871.4666666667	85780720.0	1223272	706.0	2144518	321677700
pe_wgs_250bp_2x150	wgs	trim-galore-rs	8	trim_galore 2.3.0	ip-172-31-54-20	x86_64	AMD EPYC 9R45	1	1.99	1.99	1.99	0.0	14.22	0.23	1077647.2361809046	161647085.42713568	114752	725.0	2144518	321677700
pe_wgs_250bp_2x150	wgs	trimmomatic	8	0.41	ip-172-31-54-20	x86_64	AMD EPYC 9R45	1	14.27	14.27	14.27	0.0	103.51	1.11	150281.56972669938	22542235.459004905	4694900	733.0	2144518	321677700
pe_wgs_350bp_2x150	adapter_only	adapterremoval	8	adapterremoval3 v3.0.2	ip-172-31-54-20	x86_64	AMD EPYC 9R45	1	0.97	0.97	0.97	0.0	5.36	0.37	2210843.2989690723	331626494.8453608	49832	588.0	2144518	321677700
pe_wgs_350bp_2x150	adapter_only	bbduk	8	BBTools version 40.02	ip-172-31-54-20	x86_64	AMD EPYC 9R45	1	6.15	6.15	6.15	0.0	45.1	1.37	348702.11382113816	52305317.07317073	1899540	755.0	2144518	321677700
pe_wgs_350bp_2x150	adapter_only	chelae	8	chelae 0.2.0	ip-172-31-54-20	x86_64	AMD EPYC 9R45	1	0.67	0.67	0.67	0.0	4.73	0.1	3200773.134328358	480115970.1492537	124268	712.0	2144518	321677700
pe_wgs_350bp_2x150	adapter_only	cutadapt	8	5.2	ip-172-31-54-20	x86_64	AMD EPYC 9R45	1	1.84	1.84	1.84	0.0	6.06	1.47	1165498.9130434785	174824836.95652172	49904	408.0	2144518	321677700
pe_wgs_350bp_2x150	adapter_only	fastp	8	fastp 1.3.7	ip-172-31-54-20	x86_64	AMD EPYC 9R45	1	4.08	4.08	4.08	0.0	28.18	0.8	525617.1568627451	78842573.52941176	1224888	710.0	2144518	321677700
pe_wgs_350bp_2x150	adapter_only	trim-galore-rs	8	trim_galore 2.3.0	ip-172-31-54-20	x86_64	AMD EPYC 9R45	1	1.89	1.89	1.89	0.0	13.49	0.23	1134665.6084656084	170199841.26984128	113724	722.0	2144518	321677700
pe_wgs_350bp_2x150	adapter_only	trimmomatic	8	0.41	ip-172-31-54-20	x86_64	AMD EPYC 9R45	1	21.05	21.05	21.05	0.0	100.17	0.68	101877.33966745842	15281600.950118763	2529964	479.0	2144518	321677700
pe_wgs_350bp_2x150	wgs	adapterremoval	8	adapterremoval3 v3.0.2	ip-172-31-54-20	x86_64	AMD EPYC 9R45	1	1.03	1.03	1.03	0.0	6.0	0.37	2082056.3106796115	312308446.60194176	52336	616.0	2144518	321677700
pe_wgs_350bp_2x150	wgs	bbduk	8	BBTools version 40.02	ip-172-31-54-20	x86_64	AMD EPYC 9R45	1	6.34	6.34	6.34	0.0	46.37	2.13	338252.05047318613	50737807.57097792	2551484	765.0	2144518	321677700
pe_wgs_350bp_2x150	wgs	chelae	8	chelae 0.2.0	ip-172-31-54-20	x86_64	AMD EPYC 9R45	1	0.67	0.67	0.67	0.0	4.68	0.07	3200773.134328358	480115970.1492537	124028	701.0	2144518	321677700
pe_wgs_350bp_2x150	wgs	cutadapt	8	5.2	ip-172-31-54-20	x86_64	AMD EPYC 9R45	1	1.8	1.8	1.8	0.0	7.48	1.3	1191398.8888888888	178709833.33333334	50724	486.0	2144518	321677700
pe_wgs_350bp_2x150	wgs	fastp	8	fastp 1.3.7	ip-172-31-54-20	x86_64	AMD EPYC 9R45	1	3.96	3.96	3.96	0.0	26.93	0.85	541544.9494949495	81231742.42424242	1224468	700.0	2144518	321677700
pe_wgs_350bp_2x150	wgs	trim-galore-rs	8	trim_galore 2.3.0	ip-172-31-54-20	x86_64	AMD EPYC 9R45	1	1.86	1.86	1.86	0.0	13.41	0.24	1152966.6666666665	172945000.0	116240	731.0	2144518	321677700
pe_wgs_350bp_2x150	wgs	trimmomatic	8	0.41	ip-172-31-54-20	x86_64	AMD EPYC 9R45	1	18.1	18.1	18.1	0.0	98.72	1.06	118481.65745856352	17772248.61878453	4316320	551.0	2144518	321677700
pe_wgs_450bp_2x150	adapter_only	adapterremoval	8	adapterremoval3 v3.0.2	ip-172-31-54-20	x86_64	AMD EPYC 9R45	1	0.93	0.93	0.93	0.0	5.13	0.35	2305933.333333333	345890000.0	53028	588.0	2144518	321677700
pe_wgs_450bp_2x150	adapter_only	bbduk	8	BBTools version 40.02	ip-172-31-54-20	x86_64	AMD EPYC 9R45	1	5.69	5.69	5.69	0.0	41.47	1.64	376892.4428822496	56533866.43233743	2605492	757.0	2144518	321677700
pe_wgs_450bp_2x150	adapter_only	chelae	8	chelae 0.2.0	ip-172-31-54-20	x86_64	AMD EPYC 9R45	1	0.66	0.66	0.66	0.0	4.66	0.09	3249269.696969697	487390454.5454545	120008	717.0	2144518	321677700
pe_wgs_450bp_2x150	adapter_only	cutadapt	8	5.2	ip-172-31-54-20	x86_64	AMD EPYC 9R45	1	1.86	1.86	1.86	0.0	6.17	1.44	1152966.6666666665	172945000.0	48004	409.0	2144518	321677700
pe_wgs_450bp_2x150	adapter_only	fastp	8	fastp 1.3.7	ip-172-31-54-20	x86_64	AMD EPYC 9R45	1	4.05	4.05	4.05	0.0	27.72	0.94	529510.6172839507	79426592.5925926	1224920	706.0	2144518	321677700
pe_wgs_450bp_2x150	adapter_only	trim-galore-rs	8	trim_galore 2.3.0	ip-172-31-54-20	x86_64	AMD EPYC 9R45	1	1.75	1.75	1.75	0.0	12.88	0.25	1225438.857142857	183815828.57142857	115348	747.0	2144518	321677700
pe_wgs_450bp_2x150	adapter_only	trimmomatic	8	0.41	ip-172-31-54-20	x86_64	AMD EPYC 9R45	1	16.65	16.65	16.65	0.0	98.41	0.7	128799.8798798799	19319981.981981985	2610840	595.0	2144518	321677700
pe_wgs_450bp_2x150	wgs	adapterremoval	8	adapterremoval3 v3.0.2	ip-172-31-54-20	x86_64	AMD EPYC 9R45	1	1.03	1.03	1.03	0.0	5.97	0.4	2082056.3106796115	312308446.60194176	52732	616.0	2144518	321677700
pe_wgs_450bp_2x150	wgs	bbduk	8	BBTools version 40.02	ip-172-31-54-20	x86_64	AMD EPYC 9R45	1	5.74	5.74	5.74	0.0	41.64	1.9	373609.4076655052	56041411.14982578	2373192	757.0	2144518	321677700
pe_wgs_450bp_2x150	wgs	chelae	8	chelae 0.2.0	ip-172-31-54-20	x86_64	AMD EPYC 9R45	1	0.66	0.66	0.66	0.0	4.48	0.14	3249269.696969697	487390454.5454545	122272	701.0	2144518	321677700
pe_wgs_450bp_2x150	wgs	cutadapt	8	5.2	ip-172-31-54-20	x86_64	AMD EPYC 9R45	1	1.87	1.87	1.87	0.0	7.69	1.37	1146801.0695187163	172020160.42780748	49364	482.0	2144518	321677700
pe_wgs_450bp_2x150	wgs	fastp	8	fastp 1.3.7	ip-172-31-54-20	x86_64	AMD EPYC 9R45	1	3.91	3.91	3.91	0.0	26.46	1.06	548470.0767263427	82270511.50895141	1223432	703.0	2144518	321677700
pe_wgs_450bp_2x150	wgs	trim-galore-rs	8	trim_galore 2.3.0	ip-172-31-54-20	x86_64	AMD EPYC 9R45	1	1.8	1.8	1.8	0.0	12.94	0.22	1191398.8888888888	178709833.33333334	124568	729.0	2144518	321677700
pe_wgs_450bp_2x150	wgs	trimmomatic	8	0.41	ip-172-31-54-20	x86_64	AMD EPYC 9R45	1	15.48	15.48	15.48	0.0	98.84	1.17	138534.75452196383	20780213.178294573	4824636	645.0	2144518	321677700
pe_wgs_450bp_2x250	adapter_only	adapterremoval	8	adapterremoval3 v3.0.2	ip-172-31-54-20	x86_64	AMD EPYC 9R45	1	0.95	0.95	0.95	0.0	5.15	0.35	1354197.8947368425	338549473.68421054	71652	574.0	1286488	321622000
pe_wgs_450bp_2x250	adapter_only	bbduk	8	BBTools version 40.02	ip-172-31-54-20	x86_64	AMD EPYC 9R45	1	9.2	9.2	9.2	0.0	70.27	1.46	139835.65217391303	34958913.043478265	2559204	779.0	1286488	321622000
pe_wgs_450bp_2x250	adapter_only	chelae	8	chelae 0.2.0	ip-172-31-54-20	x86_64	AMD EPYC 9R45	1	0.61	0.61	0.61	0.0	4.21	0.13	2108996.721311476	527249180.3278689	142736	711.0	1286488	321622000
pe_wgs_450bp_2x250	adapter_only	cutadapt	8	5.2	ip-172-31-54-20	x86_64	AMD EPYC 9R45	1	1.77	1.77	1.77	0.0	5.17	1.44	726829.3785310735	181707344.6327684	51184	372.0	1286488	321622000
pe_wgs_450bp_2x250	adapter_only	fastp	8	fastp 1.3.7	ip-172-31-54-20	x86_64	AMD EPYC 9R45	1	3.46	3.46	3.46	0.0	23.19	1.01	371817.3410404624	92954335.2601156	1253112	698.0	1286488	321622000
pe_wgs_450bp_2x250	adapter_only	trim-galore-rs	8	trim_galore 2.3.0	ip-172-31-54-20	x86_64	AMD EPYC 9R45	1	1.72	1.72	1.72	0.0	12.18	0.2	747958.1395348838	186989534.88372093	167436	717.0	1286488	321622000
pe_wgs_450bp_2x250	adapter_only	trimmomatic	8	0.41	ip-172-31-54-20	x86_64	AMD EPYC 9R45	1	15.87	15.87	15.87	0.0	96.08	0.71	81064.14618777568	20266036.54694392	2498248	609.0	1286488	321622000
pe_wgs_450bp_2x250	wgs	adapterremoval	8	adapterremoval3 v3.0.2	ip-172-31-54-20	x86_64	AMD EPYC 9R45	1	1.03	1.03	1.03	0.0	5.76	0.32	1249017.475728155	312254368.93203884	68296	586.0	1286488	321622000
pe_wgs_450bp_2x250	wgs	bbduk	8	BBTools version 40.02	ip-172-31-54-20	x86_64	AMD EPYC 9R45	1	9.45	9.45	9.45	0.0	71.31	2.08	136136.2962962963	34034074.074074075	2455976	776.0	1286488	321622000
pe_wgs_450bp_2x250	wgs	chelae	8	chelae 0.2.0	ip-172-31-54-20	x86_64	AMD EPYC 9R45	1	0.59	0.59	0.59	0.0	4.07	0.09	2180488.1355932206	545122033.898305	130456	697.0	1286488	321622000
pe_wgs_450bp_2x250	wgs	cutadapt	8	5.2	ip-172-31-54-20	x86_64	AMD EPYC 9R45	1	1.76	1.76	1.76	0.0	6.2	1.19	730959.0909090909	182739772.72727272	49264	420.0	1286488	321622000
pe_wgs_450bp_2x250	wgs	fastp	8	fastp 1.3.7	ip-172-31-54-20	x86_64	AMD EPYC 9R45	1	3.64	3.64	3.64	0.0	24.46	0.81	353430.7692307692	88357692.3076923	1253224	693.0	1286488	321622000
pe_wgs_450bp_2x250	wgs	trim-galore-rs	8	trim_galore 2.3.0	ip-172-31-54-20	x86_64	AMD EPYC 9R45	1	1.75	1.75	1.75	0.0	12.37	0.2	735136.0	183784000.0	158704	715.0	1286488	321622000
pe_wgs_450bp_2x250	wgs	trimmomatic	8	0.41	ip-172-31-54-20	x86_64	AMD EPYC 9R45	1	15.1	15.1	15.1	0.0	97.94	1.02	85197.880794702	21299470.1986755	4339460	655.0	1286488	321622000
pe_wgs_higherr_250bp_2x150	adapter_only	adapterremoval	8	adapterremoval3 v3.0.2	ip-172-31-54-20	x86_64	AMD EPYC 9R45	1	0.97	0.97	0.97	0.0	5.3	0.36	2210843.2989690723	331626494.8453608	51788	583.0	2144518	321677700
pe_wgs_higherr_250bp_2x150	adapter_only	bbduk	8	BBTools version 40.02	ip-172-31-54-20	x86_64	AMD EPYC 9R45	1	7.64	7.64	7.64	0.0	57.32	1.61	280696.0732984293	42104410.9947644	2081440	770.0	2144518	321677700
pe_wgs_higherr_250bp_2x150	adapter_only	chelae	8	chelae 0.2.0	ip-172-31-54-20	x86_64	AMD EPYC 9R45	1	0.62	0.62	0.62	0.0	4.3	0.16	3458900.0	518835000.0	120260	718.0	2144518	321677700
pe_wgs_higherr_250bp_2x150	adapter_only	cutadapt	8	5.2	ip-172-31-54-20	x86_64	AMD EPYC 9R45	1	1.88	1.88	1.88	0.0	6.38	1.35	1140701.0638297873	171105159.5744681	50772	411.0	2144518	321677700
pe_wgs_higherr_250bp_2x150	adapter_only	fastp	8	fastp 1.3.7	ip-172-31-54-20	x86_64	AMD EPYC 9R45	1	3.72	3.72	3.72	0.0	24.92	0.91	576483.3333333333	86472500.0	1235148	693.0	2144518	321677700
pe_wgs_higherr_250bp_2x150	adapter_only	trim-galore-rs	8	trim_galore 2.3.0	ip-172-31-54-20	x86_64	AMD EPYC 9R45	1	1.87	1.87	1.87	0.0	13.49	0.25	1146801.0695187163	172020160.42780748	118364	734.0	2144518	321677700
pe_wgs_higherr_250bp_2x150	adapter_only	trimmomatic	8	0.41	ip-172-31-54-20	x86_64	AMD EPYC 9R45	1	17.01	17.01	17.01	0.0	102.61	0.82	126073.95649617873	18911093.47442681	3267564	607.0	2144518	321677700
pe_wgs_higherr_250bp_2x150	wgs	adapterremoval	8	adapterremoval3 v3.0.2	ip-172-31-54-20	x86_64	AMD EPYC 9R45	1	0.7	0.7	0.7	0.0	3.67	0.08	3063597.142857143	459539571.42857146	35572	531.0	2144518	321677700
pe_wgs_higherr_250bp_2x150	wgs	bbduk	8	BBTools version 40.02	ip-172-31-54-20	x86_64	AMD EPYC 9R45	1	7.41	7.41	7.41	0.0	56.3	1.27	289408.636977058	43411295.5465587	2464028	776.0	2144518	321677700
pe_wgs_higherr_250bp_2x150	wgs	chelae	8	chelae 0.2.0	ip-172-31-54-20	x86_64	AMD EPYC 9R45	1	0.6	0.6	0.6	0.0	1.68	0.09	3574196.666666667	536129500.0	57712	291.0	2144518	321677700
pe_wgs_higherr_250bp_2x150	wgs	cutadapt	8	5.2	ip-172-31-54-20	x86_64	AMD EPYC 9R45	1	1.76	1.76	1.76	0.0	4.01	0.58	1218476.1363636365	182771420.45454547	35284	260.0	2144518	321677700
pe_wgs_higherr_250bp_2x150	wgs	fastp	8	fastp 1.3.7	ip-172-31-54-20	x86_64	AMD EPYC 9R45	1	1.8	1.8	1.8	0.0	10.1	0.7	1191398.8888888888	178709833.33333334	1204736	598.0	2144518	321677700
pe_wgs_higherr_250bp_2x150	wgs	trim-galore-rs	8	trim_galore 2.3.0	ip-172-31-54-20	x86_64	AMD EPYC 9R45	1	1.32	1.32	1.32	0.0	3.52	0.11	1624634.8484848484	243695227.27272725	52028	275.0	2144518	321677700
pe_wgs_higherr_250bp_2x150	wgs	trimmomatic	8	0.41	ip-172-31-54-20	x86_64	AMD EPYC 9R45	1	2.41	2.41	2.41	0.0	14.72	0.62	889841.4937759335	133476224.06639004	2419660	634.0	2144518	321677700
se_mirna_30bp_1x76	adapter_only	adapterremoval	8	adapterremoval3 v3.0.2	ip-172-31-54-20	x86_64	AMD EPYC 9R45	1	1.2	1.2	1.2	0.0	3.13	0.29	3527760.833333333	268109823.3333333	19456	286.0	4233313	321731788
se_mirna_30bp_1x76	adapter_only	bbduk	8	BBTools version 40.02	ip-172-31-54-20	x86_64	AMD EPYC 9R45	1	1.59	1.59	1.59	0.0	7.31	1.34	2662461.006289308	202347036.4779874	2914452	543.0	4233313	321731788
se_mirna_30bp_1x76	adapter_only	chelae	8	chelae 0.2.0	ip-172-31-54-20	x86_64	AMD EPYC 9R45	1	1.2	1.2	1.2	0.0	2.75	0.19	3527760.833333333	268109823.3333333	45912	243.0	4233313	321731788
se_mirna_30bp_1x76	adapter_only	cutadapt	8	5.2	ip-172-31-54-20	x86_64	AMD EPYC 9R45	1	2.4	2.4	2.4	0.0	13.59	1.06	1763880.4166666667	134054911.66666669	33032	609.0	4233313	321731788
se_mirna_30bp_1x76	adapter_only	fastp	8	fastp 1.3.7	ip-172-31-54-20	x86_64	AMD EPYC 9R45	1	2.25	2.25	2.25	0.0	8.83	0.98	1881472.4444444445	142991905.7777778	1130996	435.0	4233313	321731788
se_mirna_30bp_1x76	adapter_only	trim-galore-rs	8	trim_galore 2.3.0	ip-172-31-54-20	x86_64	AMD EPYC 9R45	1	2.94	2.94	2.94	0.0	20.73	0.16	1439902.380952381	109432580.95238096	52156	709.0	4233313	321731788
se_mirna_30bp_1x76	adapter_only	trimmomatic	8	0.41	ip-172-31-54-20	x86_64	AMD EPYC 9R45	1	7.08	7.08	7.08	0.0	37.41	0.77	597925.5649717514	45442342.93785311	2953140	538.0	4233313	321731788
se_mirna_30bp_1x76	wgs	adapterremoval	8	adapterremoval3 v3.0.2	ip-172-31-54-20	x86_64	AMD EPYC 9R45	1	1.17	1.17	1.17	0.0	3.36	0.32	3618216.23931624	274984434.1880342	19088	314.0	4233313	321731788
se_mirna_30bp_1x76	wgs	bbduk	8	BBTools version 40.02	ip-172-31-54-20	x86_64	AMD EPYC 9R45	1	1.69	1.69	1.69	0.0	8.15	1.37	2504918.9349112427	190373839.0532545	2919100	562.0	4233313	321731788
se_mirna_30bp_1x76	wgs	chelae	8	chelae 0.2.0	ip-172-31-54-20	x86_64	AMD EPYC 9R45	1	1.31	1.31	1.31	0.0	2.95	0.27	3231536.641221374	245596784.7328244	47928	244.0	4233313	321731788
se_mirna_30bp_1x76	wgs	cutadapt	8	5.2	ip-172-31-54-20	x86_64	AMD EPYC 9R45	1	2.48	2.48	2.48	0.0	16.08	1.14	1706981.0483870967	129730559.67741936	31488	694.0	4233313	321731788
se_mirna_30bp_1x76	wgs	fastp	8	fastp 1.3.7	ip-172-31-54-20	x86_64	AMD EPYC 9R45	1	2.33	2.33	2.33	0.0	8.85	1.0	1816872.532188841	138082312.44635192	1126616	422.0	4233313	321731788
se_mirna_30bp_1x76	wgs	trim-galore-rs	8	trim_galore 2.3.0	ip-172-31-54-20	x86_64	AMD EPYC 9R45	1	2.95	2.95	2.95	0.0	21.11	0.08	1435021.3559322034	109061623.05084746	51960	716.0	4233313	321731788
se_mirna_30bp_1x76	wgs	trimmomatic	8	0.41	ip-172-31-54-20	x86_64	AMD EPYC 9R45	1	6.95	6.95	6.95	0.0	41.3	0.84	609109.7841726618	46292343.597122304	2569272	605.0	4233313	321731788
se_short_120bp_1x150	adapter_only	adapterremoval	8	adapterremoval3 v3.0.2	ip-172-31-54-20	x86_64	AMD EPYC 9R45	1	1.15	1.15	1.15	0.0	3.87	0.43	1865193.9130434785	279779086.95652175	27660	373.0	2144973	321745950
se_short_120bp_1x150	adapter_only	bbduk	8	BBTools version 40.02	ip-172-31-54-20	x86_64	AMD EPYC 9R45	1	1.91	1.91	1.91	0.0	9.43	1.52	1123022.5130890054	168453376.9633508	3018060	572.0	2144973	321745950
se_short_120bp_1x150	adapter_only	chelae	8	chelae 0.2.0	ip-172-31-54-20	x86_64	AMD EPYC 9R45	1	1.11	1.11	1.11	0.0	3.76	0.14	1932408.108108108	289861216.2162162	91320	350.0	2144973	321745950
se_short_120bp_1x150	adapter_only	cutadapt	8	5.2	ip-172-31-54-20	x86_64	AMD EPYC 9R45	1	2.36	2.36	2.36	0.0	12.53	1.3	908886.8644067798	136333029.66101697	38888	586.0	2144973	321745950
se_short_120bp_1x150	adapter_only	fastp	8	fastp 1.3.7	ip-172-31-54-20	x86_64	AMD EPYC 9R45	1	2.55	2.55	2.55	0.0	14.41	0.87	841165.8823529412	126174882.3529412	1146272	597.0	2144973	321745950
se_short_120bp_1x150	adapter_only	trim-galore-rs	8	trim_galore 2.3.0	ip-172-31-54-20	x86_64	AMD EPYC 9R45	1	3.34	3.34	3.34	0.0	25.5	0.15	642207.4850299401	96331122.75449102	63852	767.0	2144973	321745950
se_short_120bp_1x150	adapter_only	trimmomatic	8	0.41	ip-172-31-54-20	x86_64	AMD EPYC 9R45	1	17.42	17.42	17.42	0.0	82.24	0.66	123132.77841561424	18469916.762342133	2532448	475.0	2144973	321745950
se_short_120bp_1x150	wgs	adapterremoval	8	adapterremoval3 v3.0.2	ip-172-31-54-20	x86_64	AMD EPYC 9R45	1	1.18	1.18	1.18	0.0	4.36	0.49	1817773.7288135595	272666059.32203394	27744	410.0	2144973	321745950
se_short_120bp_1x150	wgs	bbduk	8	BBTools version 40.02	ip-172-31-54-20	x86_64	AMD EPYC 9R45	1	2.01	2.01	2.01	0.0	10.45	1.48	1067150.7462686568	160072611.94029853	2886656	591.0	2144973	321745950
se_short_120bp_1x150	wgs	chelae	8	chelae 0.2.0	ip-172-31-54-20	x86_64	AMD EPYC 9R45	1	1.13	1.13	1.13	0.0	3.81	0.14	1898206.1946902657	284730929.20353985	91372	350.0	2144973	321745950
se_short_120bp_1x150	wgs	cutadapt	8	5.2	ip-172-31-54-20	x86_64	AMD EPYC 9R45	1	2.38	2.38	2.38	0.0	13.94	1.36	901249.1596638656	135187373.94957983	40016	640.0	2144973	321745950
se_short_120bp_1x150	wgs	fastp	8	fastp 1.3.7	ip-172-31-54-20	x86_64	AMD EPYC 9R45	1	2.48	2.48	2.48	0.0	14.29	0.88	864908.4677419355	129736270.16129032	1138128	610.0	2144973	321745950
se_short_120bp_1x150	wgs	trim-galore-rs	8	trim_galore 2.3.0	ip-172-31-54-20	x86_64	AMD EPYC 9R45	1	3.29	3.29	3.29	0.0	25.16	0.19	651967.4772036474	97795121.58054712	66092	768.0	2144973	321745950
se_short_120bp_1x150	wgs	trimmomatic	8	0.41	ip-172-31-54-20	x86_64	AMD EPYC 9R45	1	20.65	20.65	20.65	0.0	85.9	0.91	103872.78450363196	15580917.675544797	3919848	420.0	2144973	321745950
se_wgs_300bp_1x150	adapter_only	adapterremoval	8	adapterremoval3 v3.0.2	ip-172-31-54-20	x86_64	AMD EPYC 9R45	1	1.18	1.18	1.18	0.0	4.15	0.49	1817773.7288135595	272666059.32203394	29308	393.0	2144973	321745950
se_wgs_300bp_1x150	adapter_only	bbduk	8	BBTools version 40.02	ip-172-31-54-20	x86_64	AMD EPYC 9R45	1	1.93	1.93	1.93	0.0	9.8	1.47	1111384.9740932642	166707746.11398965	2783740	582.0	2144973	321745950
se_wgs_300bp_1x150	adapter_only	chelae	8	chelae 0.2.0	ip-172-31-54-20	x86_64	AMD EPYC 9R45	1	1.2	1.2	1.2	0.0	4.67	0.17	1787477.5	268121625.0	94468	400.0	2144973	321745950
se_wgs_300bp_1x150	adapter_only	cutadapt	8	5.2	ip-172-31-54-20	x86_64	AMD EPYC 9R45	1	2.09	2.09	2.09	0.0	6.3	1.15	1026302.8708133972	153945430.62200958	42332	356.0	2144973	321745950
se_wgs_300bp_1x150	adapter_only	fastp	8	fastp 1.3.7	ip-172-31-54-20	x86_64	AMD EPYC 9R45	1	3.24	3.24	3.24	0.0	21.24	0.96	662028.7037037037	99304305.55555557	1137340	685.0	2144973	321745950
se_wgs_300bp_1x150	adapter_only	trim-galore-rs	8	trim_galore 2.3.0	ip-172-31-54-20	x86_64	AMD EPYC 9R45	1	2.34	2.34	2.34	0.0	12.01	0.16	916655.1282051282	137498269.23076925	51956	519.0	2144973	321745950
se_wgs_300bp_1x150	adapter_only	trimmomatic	8	0.41	ip-172-31-54-20	x86_64	AMD EPYC 9R45	1	17.04	17.04	17.04	0.0	94.75	0.6	125878.6971830986	18881804.57746479	2109444	559.0	2144973	321745950
se_wgs_300bp_1x150	wgs	adapterremoval	8	adapterremoval3 v3.0.2	ip-172-31-54-20	x86_64	AMD EPYC 9R45	1	1.23	1.23	1.23	0.0	4.82	0.45	1743880.487804878	261582073.1707317	29576	428.0	2144973	321745950
se_wgs_300bp_1x150	wgs	bbduk	8	BBTools version 40.02	ip-172-31-54-20	x86_64	AMD EPYC 9R45	1	2.14	2.14	2.14	0.0	11.19	1.63	1002323.8317757008	150348574.76635513	3080828	598.0	2144973	321745950
se_wgs_300bp_1x150	wgs	chelae	8	chelae 0.2.0	ip-172-31-54-20	x86_64	AMD EPYC 9R45	1	1.13	1.13	1.13	0.0	4.37	0.15	1898206.1946902657	284730929.20353985	94384	400.0	2144973	321745950
se_wgs_300bp_1x150	wgs	cutadapt	8	5.2	ip-172-31-54-20	x86_64	AMD EPYC 9R45	1	2.1	2.1	2.1	0.0	7.52	1.18	1021415.7142857142	153212357.14285713	42728	414.0	2144973	321745950
se_wgs_300bp_1x150	wgs	fastp	8	fastp 1.3.7	ip-172-31-54-20	x86_64	AMD EPYC 9R45	1	3.12	3.12	3.12	0.0	20.24	1.05	687491.3461538461	103123701.92307691	1135656	681.0	2144973	321745950
se_wgs_300bp_1x150	wgs	trim-galore-rs	8	trim_galore 2.3.0	ip-172-31-54-20	x86_64	AMD EPYC 9R45	1	2.38	2.38	2.38	0.0	12.46	0.16	901249.1596638656	135187373.94957983	51956	530.0	2144973	321745950
se_wgs_300bp_1x150	wgs	trimmomatic	8	0.41	ip-172-31-54-20	x86_64	AMD EPYC 9R45	1	20.42	20.42	20.42	0.0	94.64	0.69	105042.75220372184	15756412.830558276	2367120	466.0	2144973	321745950
